record_id,reaction_type,azide,alkyne,catalyst,catalyst_present,solvent,solvent_class,temperature_K,pH,k_value,k_unit,Ea_kJ_mol,yield_percent,SMILES,alkyne_family,ring_strain_level,fluorine_count,fused_aromatic_count,heteroatom_in_ring,rate_label,source,source_doi,source_type,verification_status,k_unit_original,alkyne_family_original,k_value_original,temperature_K_original,pH_original,Ea_kJ_mol_original,yield_percent_original,ring_strain_level_original,fluorine_count_original,fused_aromatic_count_original,heteroatom_in_ring_original
rec001,SPAAC,benzyl azide,cyclooctyne compound 12,none,0,CD3CN,organic,,,0.0043,M^-1 s^-1,,,,cyclooctyne,,1.0,,,,A Comparative Study of Bioorthogonal Reactions with Azides,10.1021/cb6003228,primary_article,primary_checked,M-1 s-1,cyclooctyne,4.3 × 10-3,,,,,strained cyclooctyne,1.0,,
rec002,SPAAC,benzyl azide,free acid of cyclooctyne compound 1,none,0,CD3CN,organic,,,0.0024,M^-1 s^-1,,,,cyclooctyne,,,,,,A Comparative Study of Bioorthogonal Reactions with Azides,10.1021/cb6003228,primary_article,primary_checked,M-1 s-1,cyclooctyne,2.4 × 10-3,,,,,strained cyclooctyne,,,
rec003,SPAAC,benzyl azide,cyclooctyne compound 8,none,0,CD3CN,organic,,,0.0013000000000000002,M^-1 s^-1,,,,cyclooctyne,,0.0,,,,A Comparative Study of Bioorthogonal Reactions with Azides,10.1021/cb6003228,primary_article,primary_checked,M-1 s-1,cyclooctyne,1.3 × 10-3,,,,,strained cyclooctyne,0.0,,
rec004,SPAAC,benzyl azide,cyclooctyne compound 13,none,0,CD3CN,organic,,,0.0012,M^-1 s^-1,,,,cyclooctyne,,0.0,,,,A Comparative Study of Bioorthogonal Reactions with Azides,10.1021/cb6003228,primary_article,primary_checked,M-1 s-1,cyclooctyne,1.2 × 10-3,,,,,strained cyclooctyne,0.0,,
rec005,SPAAC,benzyl azide,DIFO,none,0,,unknown,,,0.076,M^-1 s^-1,,,,fluorinated_cyclooctyne,,2.0,0.0,,,Copper-free click chemistry for dynamic in vivo imaging,10.1073/pnas.0707090104,primary_article,primary_checked,M-1 s-1,difluorinated cyclooctyne,7.6 × 10-2,,,,,strained cyclooctyne,2.0,0.0,
rec006,SPAAC,benzyl azide,"6,7-dimethoxyazacyclooct-4-yne (DIMAC)",none,0,,unknown,,,0.003,M^-1 s^-1,,,,azacyclooctyne,,0.0,0.0,1,,A Hydrophilic Azacyclooctyne for Cu-Free Click Chemistry,10.1021/ol801141k,primary_article,primary_checked,M-1 s-1,azacyclooctyne,3.0 × 10-3,,,,,strained cyclooctyne,0.0,0.0,N
rec007,SPAAC,benzyl azide,second-generation DIFO compound 2,none,0,CD3CN,organic,,,0.042,M^-1 s^-1,,,,fluorinated_cyclooctyne,,2.0,0.0,,,Second-Generation Difluorinated Cyclooctynes for Copper-Free Click Chemistry,10.1021/ja803086r,primary_article,primary_checked,M-1 s-1,difluorinated cyclooctyne,(4.2 ± 0.1) × 10-2,,,,,strained cyclooctyne,2.0,0.0,
rec008,SPAAC,benzyl azide,second-generation DIFO compound 3,none,0,CD3CN,organic,,,0.052000000000000005,M^-1 s^-1,,,,fluorinated_cyclooctyne,,2.0,0.0,,,Second-Generation Difluorinated Cyclooctynes for Copper-Free Click Chemistry,10.1021/ja803086r,primary_article,primary_checked,M-1 s-1,difluorinated cyclooctyne,(5.2 ± 0.2) × 10-2,,,,,strained cyclooctyne,2.0,0.0,
rec009,SPAAC,benzyl azide,second-generation DIFO compound 2,none,0,7:3 CD3CN and 25 mM potassium phosphate in D2O,mixed,,7.0,0.09,M^-1 s^-1,,,,fluorinated_cyclooctyne,,2.0,0.0,,,Second-Generation Difluorinated Cyclooctynes for Copper-Free Click Chemistry,10.1021/ja803086r,primary_article,primary_checked,M-1 s-1,difluorinated cyclooctyne,(9.0 ± 0.3) × 10-2,,7,,,strained cyclooctyne,2.0,0.0,
rec010,SPAAC,benzyl azide,second-generation DIFO compound 3,none,0,7:3 CD3CN and 25 mM potassium phosphate in D2O,mixed,,7.0,0.086,M^-1 s^-1,,,,fluorinated_cyclooctyne,,2.0,0.0,,,Second-Generation Difluorinated Cyclooctynes for Copper-Free Click Chemistry,10.1021/ja803086r,primary_article,primary_checked,M-1 s-1,difluorinated cyclooctyne,(8.6 ± 0.9) × 10-2,,7,,,strained cyclooctyne,2.0,0.0,
rec011,SPAAC,benzyl azide,BARAC derivative 15,none,0,acetonitrile,organic,,,0.96,M^-1 s^-1,,,,biarylazacyclooctynone,,0.0,2.0,1,,Rapid Cu-Free Click Chemistry with Readily Synthesized Biarylazacyclooctynones,10.1021/ja100014q,primary_article,needs_primary_check,M-1 s-1,biarylazacyclooctynone,0.96,확인 필요,,,,strained cyclooctyne,0.0,2.0,N
rec012,CuAAC,benzyl azide,phenyl propargyl ether,CuSO4·5H2O 1 mol%; sodium ascorbate 5 mol%,1,H2O/tBuOH 2:1,mixed,,,,,,91.0,,terminal_alkyne,,0.0,0.0,,,"A Stepwise Huisgen Cycloaddition Process: Copper(I)-Catalyzed Regioselective ""Ligation"" of Azides and Terminal Alkynes",10.1002/1521-3773(20020715)41:14<2596::AID-ANIE2596>3.0.CO;2-4,primary_article,needs_primary_check,,terminal alkyne,,확인 필요,,,91,,0.0,0.0,
rec013,thermal_Huisgen,benzyl azide,phenyl propargyl ether,none,0,neat,unknown,365.15,,,,,,,terminal_alkyne,,0.0,0.0,,,"A Stepwise Huisgen Cycloaddition Process: Copper(I)-Catalyzed Regioselective ""Ligation"" of Azides and Terminal Alkynes",10.1002/1521-3773(20020715)41:14<2596::AID-ANIE2596>3.0.CO;2-4,primary_article,primary_checked,,terminal alkyne,,365.15,,,,,0.0,0.0,
rec014,CuAAC,unknown_needs_check,unknown_needs_check,CuSO4 1 mol%; sodium ascorbate 10 mol%,1,water with tert-butyl alcohol as co-solvent,mixed,,,,,,92.0,,,,,,,,"A Stepwise Huisgen Cycloaddition Process: Copper(I)-Catalyzed Regioselective ""Ligation"" of Azides and Terminal Alkynes",10.1002/1521-3773(20020715)41:14<2596::AID-ANIE2596>3.0.CO;2-4,primary_article,needs_primary_check,,,,확인 필요,near neutral,,92,,,,
rec015,CuAAC,unknown_needs_check,unknown_needs_check,CuSO4 1 mol%; sodium ascorbate 10 mol%,1,water with tert-butyl alcohol as co-solvent,mixed,,,,,,93.0,,,,,,,,"A Stepwise Huisgen Cycloaddition Process: Copper(I)-Catalyzed Regioselective ""Ligation"" of Azides and Terminal Alkynes",10.1002/1521-3773(20020715)41:14<2596::AID-ANIE2596>3.0.CO;2-4,primary_article,needs_primary_check,,,,확인 필요,near neutral,,93,,,,
rec016,CuAAC,unknown_needs_check,unknown_needs_check,CuSO4 1 mol%; sodium ascorbate 10 mol%,1,water with tert-butyl alcohol as co-solvent,mixed,,,,,,82.0,,,,,,,,"A Stepwise Huisgen Cycloaddition Process: Copper(I)-Catalyzed Regioselective ""Ligation"" of Azides and Terminal Alkynes",10.1002/1521-3773(20020715)41:14<2596::AID-ANIE2596>3.0.CO;2-4,primary_article,needs_primary_check,,,,확인 필요,near neutral,,82,,,,
rec017,CuAAC,unknown_needs_check,unknown_needs_check,CuSO4 1 mol%; sodium ascorbate 10 mol%,1,water with tert-butyl alcohol as co-solvent,mixed,,,,,,84.0,,,,,,,,"A Stepwise Huisgen Cycloaddition Process: Copper(I)-Catalyzed Regioselective ""Ligation"" of Azides and Terminal Alkynes",10.1002/1521-3773(20020715)41:14<2596::AID-ANIE2596>3.0.CO;2-4,primary_article,needs_primary_check,,,,확인 필요,near neutral,,84,,,,
rec018,CuAAC,unknown_needs_check,unknown_needs_check,CuSO4 1 mol%; sodium ascorbate 10 mol%,1,water with tert-butyl alcohol as co-solvent,mixed,,,,,,91.0,,,,,,,,"A Stepwise Huisgen Cycloaddition Process: Copper(I)-Catalyzed Regioselective ""Ligation"" of Azides and Terminal Alkynes",10.1002/1521-3773(20020715)41:14<2596::AID-ANIE2596>3.0.CO;2-4,primary_article,needs_primary_check,,,,확인 필요,near neutral,,91,,,,
rec019,CuAAC,unknown_needs_check,unknown_needs_check,CuSO4 1 mol%; sodium ascorbate 10 mol%,1,water with tert-butyl alcohol as co-solvent,mixed,,,,,,88.0,,,,,,,,"A Stepwise Huisgen Cycloaddition Process: Copper(I)-Catalyzed Regioselective ""Ligation"" of Azides and Terminal Alkynes",10.1002/1521-3773(20020715)41:14<2596::AID-ANIE2596>3.0.CO;2-4,primary_article,needs_primary_check,,,,확인 필요,near neutral,,88,,,,
rec020,CuAAC,unknown_needs_check,unknown_needs_check,CuSO4 1 mol%; sodium ascorbate 10 mol%,1,water with tert-butyl alcohol as co-solvent,mixed,,,,,,88.0,,,,,,,,"A Stepwise Huisgen Cycloaddition Process: Copper(I)-Catalyzed Regioselective ""Ligation"" of Azides and Terminal Alkynes",10.1002/1521-3773(20020715)41:14<2596::AID-ANIE2596>3.0.CO;2-4,primary_article,needs_primary_check,,,,확인 필요,near neutral,,88,,,,
rec021,CuAAC,unknown_needs_check,unknown_needs_check,CuSO4 1 mol%; sodium ascorbate 10 mol%,1,water with tert-butyl alcohol as co-solvent,mixed,,,,,,84.0,,,,,,,,"A Stepwise Huisgen Cycloaddition Process: Copper(I)-Catalyzed Regioselective ""Ligation"" of Azides and Terminal Alkynes",10.1002/1521-3773(20020715)41:14<2596::AID-ANIE2596>3.0.CO;2-4,primary_article,needs_primary_check,,,,확인 필요,near neutral,,84,,,,
rec022,CuAAC,unknown_needs_check,unknown_needs_check,CuSO4 1 mol%; sodium ascorbate 10 mol%,1,water with tert-butyl alcohol as co-solvent,mixed,,,,,,88.0,,,,,,,,"A Stepwise Huisgen Cycloaddition Process: Copper(I)-Catalyzed Regioselective ""Ligation"" of Azides and Terminal Alkynes",10.1002/1521-3773(20020715)41:14<2596::AID-ANIE2596>3.0.CO;2-4,primary_article,needs_primary_check,,,,확인 필요,near neutral,,88,,,,
rec023,CuAAC,unknown_needs_check,unknown_needs_check,CuSO4 1 mol%; sodium ascorbate 10 mol%,1,water with tert-butyl alcohol as co-solvent,mixed,,,,,,90.0,,,,,,,,"A Stepwise Huisgen Cycloaddition Process: Copper(I)-Catalyzed Regioselective ""Ligation"" of Azides and Terminal Alkynes",10.1002/1521-3773(20020715)41:14<2596::AID-ANIE2596>3.0.CO;2-4,primary_article,needs_primary_check,,,,확인 필요,near neutral,,90,,,,
rec024,CuAAC,"(S)-3-azidopropane-1,2-diol",17-ethynylestradiol,CuSO4 1 mol%; sodium ascorbate 10 mol%,1,water with tert-butyl alcohol as co-solvent,mixed,,,,,,94.0,,terminal_alkyne,,,,,,"A Stepwise Huisgen Cycloaddition Process: Copper(I)-Catalyzed Regioselective ""Ligation"" of Azides and Terminal Alkynes",10.1002/1521-3773(20020715)41:14<2596::AID-ANIE2596>3.0.CO;2-4,primary_article,needs_primary_check,,terminal alkyne,,확인 필요,near neutral,,94,,,,
rec025,thermal_Huisgen,2-azido-2-methylpropionic acid,Propynoyl-Phe-Gly-Phe-Gly-HMBA-PEGA800 resin 1,none,0,THF,organic,298.15,,,,,0.0,,terminal_alkyne,,,,,,"Peptidotriazoles on Solid Phase: [1,2,3]-Triazoles by Regiospecific Copper(I)-Catalyzed 1,3-Dipolar Cycloadditions of Terminal Alkynes to Azides",10.1021/jo011148j,primary_article,primary_checked,,terminal alkyne,,298.15,,,0,,,,
rec026,CuAAC,2-azido-2-methylpropionic acid,Propynoyl-Phe-Gly-Phe-Gly-HMBA-PEGA800 resin 1,CuI 2 equiv; DIPEA 50 equiv,1,THF,organic,298.15,,,,,95.0,,terminal_alkyne,,,,,,"Peptidotriazoles on Solid Phase: [1,2,3]-Triazoles by Regiospecific Copper(I)-Catalyzed 1,3-Dipolar Cycloadditions of Terminal Alkynes to Azides",10.1021/jo011148j,primary_article,primary_checked,,terminal alkyne,,298.15,,,>95,,,,
rec027,CuAAC,2-azido-2-methylbutanoic acid,Propynoyl-Phe-Gly-Phe-Gly-HMBA-PEGA800 resin 1,CuI 2 equiv; DIPEA 50 equiv,1,THF,organic,298.15,,,,,95.0,,terminal_alkyne,,,,,,"Peptidotriazoles on Solid Phase: [1,2,3]-Triazoles by Regiospecific Copper(I)-Catalyzed 1,3-Dipolar Cycloadditions of Terminal Alkynes to Azides",10.1021/jo011148j,primary_article,primary_checked,,terminal alkyne,,298.15,,,>95,,,,
rec028,CuAAC,2-azido-2-ethylbutanoic acid,Propynoyl-Phe-Gly-Phe-Gly-HMBA-PEGA800 resin 1,CuI 2 equiv; DIPEA 50 equiv,1,THF,organic,298.15,,,,,95.0,,terminal_alkyne,,,,,,"Peptidotriazoles on Solid Phase: [1,2,3]-Triazoles by Regiospecific Copper(I)-Catalyzed 1,3-Dipolar Cycloadditions of Terminal Alkynes to Azides",10.1021/jo011148j,primary_article,primary_checked,,terminal alkyne,,298.15,,,>95,,,,
rec029,CuAAC,2-azido-2-propylpentanoic acid,Propynoyl-Phe-Gly-Phe-Gly-HMBA-PEGA800 resin 1,CuI 2 equiv; DIPEA 50 equiv,1,THF,organic,298.15,,,,,95.0,,terminal_alkyne,,,,,,"Peptidotriazoles on Solid Phase: [1,2,3]-Triazoles by Regiospecific Copper(I)-Catalyzed 1,3-Dipolar Cycloadditions of Terminal Alkynes to Azides",10.1021/jo011148j,primary_article,primary_checked,,terminal alkyne,,298.15,,,>95,,,,
rec030,CuAAC,"2-azido-2,2-diphenylacetic acid",Propynoyl-Phe-Gly-Phe-Gly-HMBA-PEGA800 resin 1,CuI 2 equiv; DIPEA 50 equiv,1,THF,organic,323.15,,,,,0.0,,terminal_alkyne,,,,,,"Peptidotriazoles on Solid Phase: [1,2,3]-Triazoles by Regiospecific Copper(I)-Catalyzed 1,3-Dipolar Cycloadditions of Terminal Alkynes to Azides",10.1021/jo011148j,primary_article,primary_checked,,terminal alkyne,,323.15,,,0,,,,
rec031,CuAAC,2-azidoacetic acid,Propynoyl-Phe-Gly-Phe-Gly-HMBA-PEGA800 resin 1,CuI 2 equiv; DIPEA 50 equiv,1,THF,organic,298.15,,,,,95.0,,terminal_alkyne,,,,,,"Peptidotriazoles on Solid Phase: [1,2,3]-Triazoles by Regiospecific Copper(I)-Catalyzed 1,3-Dipolar Cycloadditions of Terminal Alkynes to Azides",10.1021/jo011148j,primary_article,primary_checked,,terminal alkyne,,298.15,,,>95,,,,
rec032,CuAAC,(±)-2-azidohexanoic acid,Propynoyl-Phe-Gly-Phe-Gly-HMBA-PEGA800 resin 1,CuI 2 equiv; DIPEA 50 equiv,1,THF,organic,298.15,,,,,95.0,,terminal_alkyne,,,,,,"Peptidotriazoles on Solid Phase: [1,2,3]-Triazoles by Regiospecific Copper(I)-Catalyzed 1,3-Dipolar Cycloadditions of Terminal Alkynes to Azides",10.1021/jo011148j,primary_article,primary_checked,,terminal alkyne,,298.15,,,>95,,,,
rec033,CuAAC,(±)-2-azidohexadecanoic acid,Propynoyl-Phe-Gly-Phe-Gly-HMBA-PEGA800 resin 1,CuI 2 equiv; DIPEA 50 equiv,1,THF,organic,298.15,,,,,95.0,,terminal_alkyne,,,,,,"Peptidotriazoles on Solid Phase: [1,2,3]-Triazoles by Regiospecific Copper(I)-Catalyzed 1,3-Dipolar Cycloadditions of Terminal Alkynes to Azides",10.1021/jo011148j,primary_article,primary_checked,,terminal alkyne,,298.15,,,>95,,,,
rec034,CuAAC,(±)-2-azido-2-phenylacetic acid,Propynoyl-Phe-Gly-Phe-Gly-HMBA-PEGA800 resin 1,CuI 2 equiv; DIPEA 50 equiv,1,THF,organic,298.15,,,,,95.0,,terminal_alkyne,,,,,,"Peptidotriazoles on Solid Phase: [1,2,3]-Triazoles by Regiospecific Copper(I)-Catalyzed 1,3-Dipolar Cycloadditions of Terminal Alkynes to Azides",10.1021/jo011148j,primary_article,primary_checked,,terminal alkyne,,298.15,,,>95,,,,
rec035,CuAAC,4-azidoaniline hydrochloride,Propynoyl-Phe-Gly-Phe-Gly-HMBA-PEGA800 resin 1,CuI 2 equiv; DIPEA 50 equiv,1,THF,organic,298.15,,,,,95.0,,terminal_alkyne,,,,,,"Peptidotriazoles on Solid Phase: [1,2,3]-Triazoles by Regiospecific Copper(I)-Catalyzed 1,3-Dipolar Cycloadditions of Terminal Alkynes to Azides",10.1021/jo011148j,primary_article,primary_checked,,terminal alkyne,,298.15,,,>95,,,,
rec036,CuAAC,15,Propynoyl-Phe-Gly-Phe-Gly-HMBA-PEGA800 resin 1,CuI 2 equiv; DIPEA 50 equiv,1,THF,organic,298.15,,,,,95.0,,terminal_alkyne,,,,,,"Peptidotriazoles on Solid Phase: [1,2,3]-Triazoles by Regiospecific Copper(I)-Catalyzed 1,3-Dipolar Cycloadditions of Terminal Alkynes to Azides",10.1021/jo011148j,primary_article,primary_checked,,terminal alkyne,,298.15,,,>95,,,,
rec037,CuAAC,16,Propynoyl-Phe-Gly-Phe-Gly-HMBA-PEGA800 resin 1,CuI 2 equiv; DIPEA 50 equiv,1,THF,organic,298.15,,,,,95.0,,terminal_alkyne,,,,,,"Peptidotriazoles on Solid Phase: [1,2,3]-Triazoles by Regiospecific Copper(I)-Catalyzed 1,3-Dipolar Cycloadditions of Terminal Alkynes to Azides",10.1021/jo011148j,primary_article,primary_checked,,terminal alkyne,,298.15,,,>95,,,,
rec038,CuAAC,17,Propynoyl-Phe-Gly-Phe-Gly-HMBA-PEGA800 resin 1,CuI 2 equiv; DIPEA 50 equiv,1,THF,organic,298.15,,,,,95.0,,terminal_alkyne,,,,,,"Peptidotriazoles on Solid Phase: [1,2,3]-Triazoles by Regiospecific Copper(I)-Catalyzed 1,3-Dipolar Cycloadditions of Terminal Alkynes to Azides",10.1021/jo011148j,primary_article,primary_checked,,terminal alkyne,,298.15,,,>95,,,,
rec039,CuAAC,18,Propynoyl-Phe-Gly-Phe-Gly-HMBA-PEGA800 resin 1,CuI 2 equiv; DIPEA 50 equiv,1,THF,organic,298.15,,,,,95.0,,terminal_alkyne,,,,,,"Peptidotriazoles on Solid Phase: [1,2,3]-Triazoles by Regiospecific Copper(I)-Catalyzed 1,3-Dipolar Cycloadditions of Terminal Alkynes to Azides",10.1021/jo011148j,primary_article,primary_checked,,terminal alkyne,,298.15,,,>95,,,,
rec040,CuAAC,19,Propynoyl-Phe-Gly-Phe-Gly-HMBA-PEGA800 resin 1,CuI 2 equiv; DIPEA 50 equiv,1,THF,organic,298.15,,,,,95.0,,terminal_alkyne,,,,,,"Peptidotriazoles on Solid Phase: [1,2,3]-Triazoles by Regiospecific Copper(I)-Catalyzed 1,3-Dipolar Cycloadditions of Terminal Alkynes to Azides",10.1021/jo011148j,primary_article,primary_checked,,terminal alkyne,,298.15,,,>95,,,,
rec041,CuAAC,1-azidoadamantane,Propynoyl-Phe-Gly-Phe-Gly-HMBA-PEGA800 resin 1,CuI 2 equiv; DIPEA 50 equiv,1,THF,organic,298.15,,,,,95.0,,terminal_alkyne,,,,,,"Peptidotriazoles on Solid Phase: [1,2,3]-Triazoles by Regiospecific Copper(I)-Catalyzed 1,3-Dipolar Cycloadditions of Terminal Alkynes to Azides",10.1021/jo011148j,primary_article,primary_checked,,terminal alkyne,,298.15,,,>95,,,,
rec042,CuAAC,"phenyl-3,4,6-tri-O-acetyl-2-azido-2-deoxy-1-thio-α-D-galactopyranoside",Propynoyl-Phe-Gly-Phe-Gly-HMBA-PEGA800 resin 1,CuI 2 equiv; DIPEA 50 equiv,1,THF,organic,298.15,,,,,95.0,,terminal_alkyne,,,,,,"Peptidotriazoles on Solid Phase: [1,2,3]-Triazoles by Regiospecific Copper(I)-Catalyzed 1,3-Dipolar Cycloadditions of Terminal Alkynes to Azides",10.1021/jo011148j,primary_article,primary_checked,,terminal alkyne,,298.15,,,>95,,,,
rec043,CuAAC,trimethylsilyl azide,Propynoyl-Phe-Gly-Phe-Gly-HMBA-PEGA800 resin 1,CuI 2 equiv; no DIPEA,1,THF,organic,323.15,,,,,95.0,,terminal_alkyne,,,,,,"Peptidotriazoles on Solid Phase: [1,2,3]-Triazoles by Regiospecific Copper(I)-Catalyzed 1,3-Dipolar Cycloadditions of Terminal Alkynes to Azides",10.1021/jo011148j,primary_article,primary_checked,,terminal alkyne,,323.15,,,>95,,,,
rec044,CuAAC,2-azido-2-methylpropionic acid,Fmoc-L-propargylglycyl-Phe-Gly-Phe-Gly-HMBA-PEGA800 resin 7,CuI 2 equiv; DIPEA 50 equiv,1,THF,organic,298.15,,,,,95.0,,terminal_alkyne,,,,,,"Peptidotriazoles on Solid Phase: [1,2,3]-Triazoles by Regiospecific Copper(I)-Catalyzed 1,3-Dipolar Cycloadditions of Terminal Alkynes to Azides",10.1021/jo011148j,primary_article,primary_checked,,terminal alkyne,,298.15,,,>95,,,,
rec045,CuAAC,19,Fmoc-L-propargylglycyl-Phe-Gly-Phe-Gly-HMBA-PEGA800 resin 7,CuI 2 equiv; DIPEA 50 equiv,1,THF,organic,298.15,,,,,95.0,,terminal_alkyne,,,,,,"Peptidotriazoles on Solid Phase: [1,2,3]-Triazoles by Regiospecific Copper(I)-Catalyzed 1,3-Dipolar Cycloadditions of Terminal Alkynes to Azides",10.1021/jo011148j,primary_article,primary_checked,,terminal alkyne,,298.15,,,>95,,,,
rec046,CuAAC,"phenyl-3,4,6-tri-O-acetyl-2-azido-2-deoxy-1-thio-α-D-galactopyranoside",Fmoc-L-propargylglycyl-Phe-Gly-Phe-Gly-HMBA-PEGA800 resin 7,CuI 2 equiv; DIPEA 50 equiv,1,THF,organic,298.15,,,,,95.0,,terminal_alkyne,,,,,,"Peptidotriazoles on Solid Phase: [1,2,3]-Triazoles by Regiospecific Copper(I)-Catalyzed 1,3-Dipolar Cycloadditions of Terminal Alkynes to Azides",10.1021/jo011148j,primary_article,primary_checked,,terminal alkyne,,298.15,,,>95,,,,
rec047,CuAAC,4-azidoaniline hydrochloride,Fmoc-L-propargylglycyl-Phe-Gly-Phe-Gly-HMBA-PEGA800 resin 7,CuI 2 equiv; DIPEA 50 equiv,1,THF,organic,298.15,,,,,95.0,,terminal_alkyne,,,,,,"Peptidotriazoles on Solid Phase: [1,2,3]-Triazoles by Regiospecific Copper(I)-Catalyzed 1,3-Dipolar Cycloadditions of Terminal Alkynes to Azides",10.1021/jo011148j,primary_article,primary_checked,,terminal alkyne,,298.15,,,>95,,,,
rec048,CuAAC,trimethylsilyl azide,Fmoc-L-propargylglycyl-Phe-Gly-Phe-Gly-HMBA-PEGA800 resin 7,CuI 2 equiv; no DIPEA,1,THF,organic,323.15,,,,,0.0,,terminal_alkyne,,,,,,"Peptidotriazoles on Solid Phase: [1,2,3]-Triazoles by Regiospecific Copper(I)-Catalyzed 1,3-Dipolar Cycloadditions of Terminal Alkynes to Azides",10.1021/jo011148j,primary_article,primary_checked,,terminal alkyne,,323.15,,,0,,,,
rec049,CuAAC,2-azido-2-methylpropionic acid,resin 14,CuI; DIPEA,1,THF,organic,,,,,,73.0,,terminal_alkyne,,,,,,"Peptidotriazoles on Solid Phase: [1,2,3]-Triazoles by Regiospecific Copper(I)-Catalyzed 1,3-Dipolar Cycloadditions of Terminal Alkynes to Azides",10.1021/jo011148j,primary_article,primary_checked,,terminal alkyne,,,,,73,,,,
rec050,CuAAC,1-azidoadamantane,resin 14,CuI; DIPEA,1,THF,organic,,,,,,87.0,,terminal_alkyne,,,,,,"Peptidotriazoles on Solid Phase: [1,2,3]-Triazoles by Regiospecific Copper(I)-Catalyzed 1,3-Dipolar Cycloadditions of Terminal Alkynes to Azides",10.1021/jo011148j,primary_article,primary_checked,,terminal alkyne,,,,,87,,,,
rec051,CuAAC,2-azido-2-methylpropionic acid,propynoyl-Ala-Phe-Gly-HMBA-PEGA800 resin 11a,CuI 2 equiv; DIPEA 50 equiv,1,THF,organic,298.15,,,,,95.0,,terminal_alkyne,,,,,,"Peptidotriazoles on Solid Phase: [1,2,3]-Triazoles by Regiospecific Copper(I)-Catalyzed 1,3-Dipolar Cycloadditions of Terminal Alkynes to Azides",10.1021/jo011148j,primary_article,primary_checked,,terminal alkyne,,298.15,,,>95,,,,
rec052,CuAAC,2-azido-2-methylpropionic acid,propynoyl-Pro-Phe-Gly-HMBA-PEGA800 resin 11b,CuI 2 equiv; DIPEA 50 equiv,1,THF,organic,298.15,,,,,95.0,,terminal_alkyne,,,,,,"Peptidotriazoles on Solid Phase: [1,2,3]-Triazoles by Regiospecific Copper(I)-Catalyzed 1,3-Dipolar Cycloadditions of Terminal Alkynes to Azides",10.1021/jo011148j,primary_article,primary_checked,,terminal alkyne,,298.15,,,>95,,,,
rec053,CuAAC,2-azido-2-methylpropionic acid,propynoyl-Thr(tBu)-Phe-Gly-HMBA-PEGA800 resin 11c,CuI 2 equiv; DIPEA 50 equiv,1,THF,organic,298.15,,,,,95.0,,terminal_alkyne,,,,,,"Peptidotriazoles on Solid Phase: [1,2,3]-Triazoles by Regiospecific Copper(I)-Catalyzed 1,3-Dipolar Cycloadditions of Terminal Alkynes to Azides",10.1021/jo011148j,primary_article,primary_checked,,terminal alkyne,,298.15,,,>95,,,,
rec054,CuAAC,2-azido-2-methylpropionic acid,propynoyl-Tyr(tBu)-Phe-Gly-HMBA-PEGA800 resin 11d,CuI 2 equiv; DIPEA 50 equiv,1,THF,organic,298.15,,,,,95.0,,terminal_alkyne,,,,,,"Peptidotriazoles on Solid Phase: [1,2,3]-Triazoles by Regiospecific Copper(I)-Catalyzed 1,3-Dipolar Cycloadditions of Terminal Alkynes to Azides",10.1021/jo011148j,primary_article,primary_checked,,terminal alkyne,,298.15,,,>95,,,,
rec055,CuAAC,2-azido-2-methylpropionic acid,propynoyl-Asp(tBu)-Phe-Gly-HMBA-PEGA800 resin 11e,CuI 2 equiv; DIPEA 50 equiv,1,THF,organic,298.15,,,,,95.0,,terminal_alkyne,,,,,,"Peptidotriazoles on Solid Phase: [1,2,3]-Triazoles by Regiospecific Copper(I)-Catalyzed 1,3-Dipolar Cycloadditions of Terminal Alkynes to Azides",10.1021/jo011148j,primary_article,primary_checked,,terminal alkyne,,298.15,,,>95,,,,
rec056,CuAAC,2-azido-2-methylpropionic acid,propynoyl-Asn(Trt)-Phe-Gly-HMBA-PEGA800 resin 11f,CuI 2 equiv; DIPEA 50 equiv,1,THF,organic,298.15,,,,,95.0,,terminal_alkyne,,,,,,"Peptidotriazoles on Solid Phase: [1,2,3]-Triazoles by Regiospecific Copper(I)-Catalyzed 1,3-Dipolar Cycloadditions of Terminal Alkynes to Azides",10.1021/jo011148j,primary_article,primary_checked,,terminal alkyne,,298.15,,,>95,,,,
rec057,CuAAC,2-azido-2-methylpropionic acid,propynoyl-His(Trt)-Phe-Gly-HMBA-PEGA800 resin 11g,CuI 2 equiv; DIPEA 50 equiv,1,THF,organic,298.15,,,,,95.0,,terminal_alkyne,,,,,,"Peptidotriazoles on Solid Phase: [1,2,3]-Triazoles by Regiospecific Copper(I)-Catalyzed 1,3-Dipolar Cycloadditions of Terminal Alkynes to Azides",10.1021/jo011148j,primary_article,primary_checked,,terminal alkyne,,298.15,,,>95,,,,
rec058,CuAAC,2-azido-2-methylpropionic acid,propynoyl-Cys(Trt)-Phe-Gly-HMBA-PEGA800 resin 11h,CuI 2 equiv; DIPEA 50 equiv,1,THF,organic,298.15,,,,,95.0,,terminal_alkyne,,,,,,"Peptidotriazoles on Solid Phase: [1,2,3]-Triazoles by Regiospecific Copper(I)-Catalyzed 1,3-Dipolar Cycloadditions of Terminal Alkynes to Azides",10.1021/jo011148j,primary_article,primary_checked,,terminal alkyne,,298.15,,,>95,,,,
rec059,CuAAC,2-azido-2-methylpropionic acid,propynoyl-Met-Phe-Gly-HMBA-PEGA800 resin 11i,CuI 2 equiv; DIPEA 50 equiv,1,THF,organic,298.15,,,,,95.0,,terminal_alkyne,,,,,,"Peptidotriazoles on Solid Phase: [1,2,3]-Triazoles by Regiospecific Copper(I)-Catalyzed 1,3-Dipolar Cycloadditions of Terminal Alkynes to Azides",10.1021/jo011148j,primary_article,primary_checked,,terminal alkyne,,298.15,,,>95,,,,
rec060,CuAAC,2-azido-2-methylpropionic acid,propynoyl-Lys(Boc)-Phe-Gly-HMBA-PEGA800 resin 11j,CuI 2 equiv; DIPEA 50 equiv,1,THF,organic,298.15,,,,,95.0,,terminal_alkyne,,,,,,"Peptidotriazoles on Solid Phase: [1,2,3]-Triazoles by Regiospecific Copper(I)-Catalyzed 1,3-Dipolar Cycloadditions of Terminal Alkynes to Azides",10.1021/jo011148j,primary_article,primary_checked,,terminal alkyne,,298.15,,,>95,,,,
rec061,CuAAC,2-azido-2-methylpropionic acid,propynoyl-Trp(Boc)-Phe-Gly-HMBA-PEGA800 resin 11k,CuI 2 equiv; DIPEA 50 equiv,1,THF,organic,298.15,,,,,95.0,,terminal_alkyne,,,,,,"Peptidotriazoles on Solid Phase: [1,2,3]-Triazoles by Regiospecific Copper(I)-Catalyzed 1,3-Dipolar Cycloadditions of Terminal Alkynes to Azides",10.1021/jo011148j,primary_article,primary_checked,,terminal alkyne,,298.15,,,>95,,,,
rec062,CuAAC,2-azido-2-methylpropionic acid,propynoyl-Arg(Pmc)-Phe-Gly-HMBA-PEGA800 resin 11l,CuI 2 equiv; DIPEA 50 equiv,1,THF,organic,298.15,,,,,95.0,,terminal_alkyne,,,,,,"Peptidotriazoles on Solid Phase: [1,2,3]-Triazoles by Regiospecific Copper(I)-Catalyzed 1,3-Dipolar Cycloadditions of Terminal Alkynes to Azides",10.1021/jo011148j,primary_article,primary_checked,,terminal alkyne,,298.15,,,>95,,,,
rec063,SPAAC,benzyl azide,endo-6 (bicyclo[6.1.0]non-4-yn-9-ol),none,0,,unknown,,,0.14,M^-1 s^-1,,,,bicyclononyne,,0.0,0.0,,,Readily Accessible Bicyclononynes for Bioorthogonal Labeling and Three-Dimensional Imaging of Living Cells,10.1002/anie.201003761,primary_article,primary_checked,m−1 s−1,BCN,0.14,,,,,strained bicyclononyne,0.0,0.0,
rec064,SPAAC,benzyl azide,exo-6 (bicyclo[6.1.0]non-4-yn-9-ol),none,0,,unknown,,,0.11,M^-1 s^-1,,,,bicyclononyne,,0.0,0.0,,,Readily Accessible Bicyclononynes for Bioorthogonal Labeling and Three-Dimensional Imaging of Living Cells,10.1002/anie.201003761,primary_article,primary_checked,m−1 s−1,BCN,0.11,,,,,strained bicyclononyne,0.0,0.0,
rec065,SPAAC,benzyl azide,endo-6 (bicyclo[6.1.0]non-4-yn-9-ol),none,0,CD3CN/D2O (1:2),mixed,,,0.29,M^-1 s^-1,,,,bicyclononyne,,0.0,0.0,,,Readily Accessible Bicyclononynes for Bioorthogonal Labeling and Three-Dimensional Imaging of Living Cells,10.1002/anie.201003761,primary_article,primary_checked,m−1 s−1,BCN,0.29,,,,,strained bicyclononyne,0.0,0.0,
rec066,SPAAC,benzyl azide,exo-6 (bicyclo[6.1.0]non-4-yn-9-ol),none,0,CD3CN/D2O (1:2),mixed,,,0.19,M^-1 s^-1,,,,bicyclononyne,,0.0,0.0,,,Readily Accessible Bicyclononynes for Bioorthogonal Labeling and Three-Dimensional Imaging of Living Cells,10.1002/anie.201003761,primary_article,primary_checked,m−1 s−1,BCN,0.19,,,,,strained bicyclononyne,0.0,0.0,
rec067,SPAAC,Benzyl azide,"1a (11,12-didehydro-5,6-dihydro-dibenzo[a,e]cycloocten-5-ol; DIBO)",none,0,MeOH,organic,25.0,,0.0567,M^-1 s^-1,,,,dibenzocyclooctyne,,0.0,2.0,,,Selective Labeling of Living Cells by a Photo-Triggered Click Reaction,10.1021/ja9054096,primary_article,primary_checked,M−1 s−1,DIBO,(5.67 ± 0.27) × 10−2,25 ± 0.1 °C,,,,strained dibenzocyclooctyne,0.0,2.0,
rec068,SPAAC,Benzyl azide,"3c (photogenerated 4,9-dibutoxy dibenzocyclooctyne)",none,0,MeOH,organic,25.0,,0.0763,M^-1 s^-1,,,,dibenzocyclooctyne,,0.0,2.0,,,Selective Labeling of Living Cells by a Photo-Triggered Click Reaction,10.1021/ja9054096,primary_article,primary_checked,M−1 s−1,DIBO derivative,(7.63 ± 0.11) × 10−2,25 ± 0.1 °C,,,quantitative,strained dibenzocyclooctyne,0.0,2.0,
rec069,SPAAC,n-Butyl azide,"3c (photogenerated 4,9-dibutoxy dibenzocyclooctyne)",none,0,MeOH,organic,25.0,,0.058600000000000006,M^-1 s^-1,,,,dibenzocyclooctyne,,0.0,2.0,,,Selective Labeling of Living Cells by a Photo-Triggered Click Reaction,10.1021/ja9054096,primary_article,primary_checked,M−1 s−1,DIBO derivative,(5.86 ± 0.17) × 10−2,25 ± 0.1 °C,,,,strained dibenzocyclooctyne,0.0,2.0,
rec070,SPAAC,1-Phenyl-2-azidopropane,"3c (photogenerated 4,9-dibutoxy dibenzocyclooctyne)",none,0,MeOH,organic,25.0,,0.034300000000000004,M^-1 s^-1,,,,dibenzocyclooctyne,,0.0,2.0,,,Selective Labeling of Living Cells by a Photo-Triggered Click Reaction,10.1021/ja9054096,primary_article,primary_checked,M−1 s−1,DIBO derivative,(3.43 ± 0.03) × 10−2,25 ± 0.1 °C,,,,strained dibenzocyclooctyne,0.0,2.0,
rec071,SPAAC,Phenyl azide,"3c (photogenerated 4,9-dibutoxy dibenzocyclooctyne)",none,0,MeOH,organic,25.0,,0.0163,M^-1 s^-1,,,,dibenzocyclooctyne,,0.0,2.0,,,Selective Labeling of Living Cells by a Photo-Triggered Click Reaction,10.1021/ja9054096,primary_article,primary_checked,M−1 s−1,DIBO derivative,(1.63 ± 0.06) × 10−2,25 ± 0.1 °C,,,quantitative,strained dibenzocyclooctyne,0.0,2.0,
rec072,SPAAC,N-azidoacetylmannosamine,"3c (photogenerated 4,9-dibutoxy dibenzocyclooctyne)",none,0,MeOH,organic,25.0,,0.0441,M^-1 s^-1,,,,dibenzocyclooctyne,,0.0,2.0,,,Selective Labeling of Living Cells by a Photo-Triggered Click Reaction,10.1021/ja9054096,primary_article,primary_checked,M−1 s−1,DIBO derivative,(4.41 ± 0.34) × 10−2,25 ± 0.1 °C,,,,strained dibenzocyclooctyne,0.0,2.0,
rec073,SPAAC,N-azidoacetylmannosamine,12,none,0,aqueous solution,aqueous,25.0,,0.039,M^-1 s^-1,,,,,,,,,,Selective Labeling of Living Cells by a Photo-Triggered Click Reaction,10.1021/ja9054096,primary_article,primary_checked,M−1 s−1,,(3.90 ± 0.32) × 10−2,25 ± 0.1 °C,,,,strained cyclooctyne,,,
rec074,SPAAC,benzyl azide,3 (4-dibenzocyclooctynol; DIBO),none,0,methanol,organic,25.0,,0.0567,M^-1 s^-1,,,,dibenzocyclooctyne,,0.0,2.0,,,Strain-Promoted Alkyne–Azide Cycloadditions (SPAAC) Reveal New Features of Glycoconjugate Biosynthesis,10.1002/cbic.201100117,primary_article,primary_checked,M−1 s−1,DIBO,0.0567 ± 0.0027,25 ± 0.1 °C,,,,strained dibenzocyclooctyne,0.0,2.0,
rec075,SPAAC,benzyl azide,9 (DIBO carbamate),none,0,methanol,organic,25.0,,0.0696,M^-1 s^-1,,,,dibenzocyclooctyne,,0.0,2.0,,,Strain-Promoted Alkyne–Azide Cycloadditions (SPAAC) Reveal New Features of Glycoconjugate Biosynthesis,10.1002/cbic.201100117,primary_article,primary_checked,M−1 s−1,DIBO carbamate,0.0696 ± 0.0019,25 ± 0.1 °C,,,,strained dibenzocyclooctyne,0.0,2.0,
rec076,SPAAC,benzyl azide,11 (DIBO ketone),none,0,methanol,organic,25.0,,0.259,M^-1 s^-1,,,,dibenzocyclooctyne,,0.0,2.0,,,Strain-Promoted Alkyne–Azide Cycloadditions (SPAAC) Reveal New Features of Glycoconjugate Biosynthesis,10.1002/cbic.201100117,primary_article,primary_checked,M−1 s−1,DIBO ketone,0.2590 ± 0.0067,25 ± 0.1 °C,,,,strained dibenzocyclooctyne,0.0,2.0,
rec077,SPAAC,benzyl azide,12 (DIBO oxime),none,0,methanol,organic,25.0,,0.0611,M^-1 s^-1,,,,dibenzocyclooctyne,,0.0,2.0,,,Strain-Promoted Alkyne–Azide Cycloadditions (SPAAC) Reveal New Features of Glycoconjugate Biosynthesis,10.1002/cbic.201100117,primary_article,primary_checked,M−1 s−1,DIBO oxime,0.0611 ± 0.0035,25 ± 0.1 °C,,,,strained dibenzocyclooctyne,0.0,2.0,N/O
rec078,SPAAC,benzyl azide,[18F]-4 (18F-labeled ADIBO cyclooctyne),none,0,DMF,organic,37.0,,,,,74.0,,ADIBO,,1.0,2.0,1,,"Copper-Free Click for PET: Rapid 1,3-Dipolar Cycloadditions with a Fluorine-18 Cyclooctyne",10.1021/ml200187j,primary_article,primary_checked,,ADIBO,,37 °C,,,74 ± 4.8,strained azadibenzocyclooctyne,1.0,2.0,N
rec079,SPAAC,benzyl azide,[18F]-4 (18F-labeled ADIBO cyclooctyne),none,0,DMF,organic,37.0,,,,,75.0,,ADIBO,,1.0,2.0,1,,"Copper-Free Click for PET: Rapid 1,3-Dipolar Cycloadditions with a Fluorine-18 Cyclooctyne",10.1021/ml200187j,primary_article,primary_checked,,ADIBO,,37 °C,,,75 ± 1.8,strained azadibenzocyclooctyne,1.0,2.0,N
rec080,SPAAC,benzyl azide,[18F]-4 (18F-labeled ADIBO cyclooctyne),none,0,DMF,organic,37.0,,,,,78.0,,ADIBO,,1.0,2.0,1,,"Copper-Free Click for PET: Rapid 1,3-Dipolar Cycloadditions with a Fluorine-18 Cyclooctyne",10.1021/ml200187j,primary_article,primary_checked,,ADIBO,,37 °C,,,78 ± 2.4,strained azadibenzocyclooctyne,1.0,2.0,N
rec081,SPAAC,azido-functionalized PEGylated acid,[18F]-4 (18F-labeled ADIBO cyclooctyne),none,0,DMF,organic,37.0,,,,,64.0,,ADIBO,,1.0,2.0,1,,"Copper-Free Click for PET: Rapid 1,3-Dipolar Cycloadditions with a Fluorine-18 Cyclooctyne",10.1021/ml200187j,primary_article,primary_checked,,ADIBO,,37 °C,,,64 ± 8.5,strained azadibenzocyclooctyne,1.0,2.0,N
rec082,CuAAC,3-azido-7-(diethylamino)coumarin,phosphatidic acid derivative 1 (terminal alkyne-containing PA derivative),CuSO4; sodium ascorbate,1,EtOH/H2O (1:1),mixed,,,,,,,,terminal_alkyne,,0.0,0.0,,,Selective Fluorescence Labeling of Lipids in Living Cells,10.1002/anie.200805507,primary_article,primary_checked,,terminal alkyne,,,,,virtually quantitative,unstrained terminal alkyne,0.0,0.0,
rec083,CuAAC,3-azido-7-(diethylamino)coumarin,phosphatidic acid derivative 2 (terminal alkyne-containing PA derivative),CuSO4; sodium ascorbate,1,EtOH/H2O (1:1),mixed,,,,,,,,terminal_alkyne,,0.0,0.0,,,Selective Fluorescence Labeling of Lipids in Living Cells,10.1002/anie.200805507,primary_article,primary_checked,,terminal alkyne,,,,,virtually quantitative,unstrained terminal alkyne,0.0,0.0,
rec084,CuAAC,3-azido-7-(diethylamino)coumarin,phosphatidic acid derivative 1 (terminal alkyne-containing PA derivative),CuSO4; sodium ascorbate; TBTA,1,,unknown,,,,,,,,terminal_alkyne,,0.0,0.0,,,Selective Fluorescence Labeling of Lipids in Living Cells,10.1002/anie.200805507,primary_article,primary_checked,,terminal alkyne,,,,,,unstrained terminal alkyne,0.0,0.0,
rec085,CuAAC,3-azido-7-(diethylamino)coumarin,phosphatidic acid derivative 2 (terminal alkyne-containing PA derivative),CuSO4; sodium ascorbate; TBTA,1,,unknown,,,,,,,,terminal_alkyne,,0.0,0.0,,,Selective Fluorescence Labeling of Lipids in Living Cells,10.1002/anie.200805507,primary_article,primary_checked,,terminal alkyne,,,,,,unstrained terminal alkyne,0.0,0.0,
rec086,SPAAC,3-azido-7-(diethylamino)coumarin,cyclooctyne-containing phosphatidic acid derivative 5,none,0,,unknown,,,,,,,,cyclooctyne lipid,,0.0,0.0,,,Selective Fluorescence Labeling of Lipids in Living Cells,10.1002/anie.200805507,primary_article,primary_checked,,cyclooctyne lipid,,,,,,strained cyclooctyne,0.0,0.0,
rec087,SPAAC,Atto647N azide derivative,GFPTAG→1 (protein containing genetically encoded cyclooctyne UAA 1),none,0,,unknown,,,,,,,,cyclooctyne,,0.0,0.0,,,Genetically Encoded Copper-Free Click Chemistry,10.1002/anie.201008178,primary_article,primary_checked,,cyclooctyne UAA,,,,,,strained cyclooctyne,0.0,0.0,
rec088,SPAAC,fluorogenic coumarin azide 3,mCherryTAG→1 (protein containing genetically encoded cyclooctyne UAA 1),none,0,,unknown,,,,,,,,cyclooctyne,,0.0,0.0,,,Genetically Encoded Copper-Free Click Chemistry,10.1002/anie.201008178,primary_article,primary_checked,,cyclooctyne UAA,,,,,,strained cyclooctyne,0.0,0.0,
rec089,SPAAC,2-azidoethanol,coumBARAC 3,none,0,1% DMSO in pH 7.4 phosphate buffer solution,buffer,,7.4,,,,,,coumBARAC,,0.0,,1,,Synthesis of a Fluorogenic Cyclooctyne Activated by Cu-Free Click Chemistry,10.1021/ol2025026,primary_article,primary_checked,,coumBARAC,,,7.4,,,strained biarylazacyclooctynone,0.0,,N
