record_id,reaction_type,azide,alkyne,catalyst,catalyst_present,solvent,solvent_class,temperature_K,pH,k_value,k_unit,Ea_kJ_mol,yield_percent,SMILES,alkyne_family,ring_strain_level,fluorine_count,fused_aromatic_count,heteroatom_in_ring,rate_label,source,source_doi,source_type,verification_status
rec001,SPAAC,benzyl azide,cyclooctyne compound 12,,0,CD3CN,organic,,,4.3 × 10-3,M-1 s-1,,,,cyclooctyne,strained cyclooctyne,1,,,,A Comparative Study of Bioorthogonal Reactions with Azides,10.1021/cb6003228,primary_article,primary_checked
rec002,SPAAC,benzyl azide,free acid of cyclooctyne compound 1,,0,CD3CN,organic,,,2.4 × 10-3,M-1 s-1,,,,cyclooctyne,strained cyclooctyne,,,,,A Comparative Study of Bioorthogonal Reactions with Azides,10.1021/cb6003228,primary_article,primary_checked
rec003,SPAAC,benzyl azide,cyclooctyne compound 8,,0,CD3CN,organic,,,1.3 × 10-3,M-1 s-1,,,,cyclooctyne,strained cyclooctyne,0,,,,A Comparative Study of Bioorthogonal Reactions with Azides,10.1021/cb6003228,primary_article,primary_checked
rec004,SPAAC,benzyl azide,cyclooctyne compound 13,,0,CD3CN,organic,,,1.2 × 10-3,M-1 s-1,,,,cyclooctyne,strained cyclooctyne,0,,,,A Comparative Study of Bioorthogonal Reactions with Azides,10.1021/cb6003228,primary_article,primary_checked
rec005,SPAAC,benzyl azide,DIFO,,0,,unknown,,,7.6 × 10-2,M-1 s-1,,,,difluorinated cyclooctyne,strained cyclooctyne,2,0,,,Copper-free click chemistry for dynamic in vivo imaging,10.1073/pnas.0707090104,primary_article,primary_checked
rec006,SPAAC,benzyl azide,"6,7-dimethoxyazacyclooct-4-yne (DIMAC)",,0,,unknown,,,3.0 × 10-3,M-1 s-1,,,,azacyclooctyne,strained cyclooctyne,0,0,N,,A Hydrophilic Azacyclooctyne for Cu-Free Click Chemistry,10.1021/ol801141k,primary_article,primary_checked
rec007,SPAAC,benzyl azide,second-generation DIFO compound 2,,0,CD3CN,organic,,,(4.2 ± 0.1) × 10-2,M-1 s-1,,,,difluorinated cyclooctyne,strained cyclooctyne,2,0,,,Second-Generation Difluorinated Cyclooctynes for Copper-Free Click Chemistry,10.1021/ja803086r,primary_article,primary_checked
rec008,SPAAC,benzyl azide,second-generation DIFO compound 3,,0,CD3CN,organic,,,(5.2 ± 0.2) × 10-2,M-1 s-1,,,,difluorinated cyclooctyne,strained cyclooctyne,2,0,,,Second-Generation Difluorinated Cyclooctynes for Copper-Free Click Chemistry,10.1021/ja803086r,primary_article,primary_checked
rec009,SPAAC,benzyl azide,second-generation DIFO compound 2,,0,7:3 CD3CN and 25 mM potassium phosphate in D2O,mixed,,7,(9.0 ± 0.3) × 10-2,M-1 s-1,,,,difluorinated cyclooctyne,strained cyclooctyne,2,0,,,Second-Generation Difluorinated Cyclooctynes for Copper-Free Click Chemistry,10.1021/ja803086r,primary_article,primary_checked
rec010,SPAAC,benzyl azide,second-generation DIFO compound 3,,0,7:3 CD3CN and 25 mM potassium phosphate in D2O,mixed,,7,(8.6 ± 0.9) × 10-2,M-1 s-1,,,,difluorinated cyclooctyne,strained cyclooctyne,2,0,,,Second-Generation Difluorinated Cyclooctynes for Copper-Free Click Chemistry,10.1021/ja803086r,primary_article,primary_checked
rec011,SPAAC,benzyl azide,BARAC derivative 15,,0,acetonitrile,organic,확인 필요,,0.96,M-1 s-1,,,,biarylazacyclooctynone,strained cyclooctyne,0,2,N,,Rapid Cu-Free Click Chemistry with Readily Synthesized Biarylazacyclooctynones,10.1021/ja100014q,primary_article,primary_checked
rec012,CuAAC,benzyl azide,phenyl propargyl ether,CuSO4·5H2O 1 mol%; sodium ascorbate 5 mol%,1,H2O/tBuOH 2:1,mixed,확인 필요,,,,,91,,terminal alkyne,,0,0,,,"A Stepwise Huisgen Cycloaddition Process: Copper(I)-Catalyzed Regioselective ""Ligation"" of Azides and Terminal Alkynes",10.1002/1521-3773(20020715)41:14<2596::AID-ANIE2596>3.0.CO;2-4,primary_article,primary_checked
rec013,thermal_Huisgen,benzyl azide,phenyl propargyl ether,,0,neat,unknown,365.15,,,,,,,terminal alkyne,,0,0,,,"A Stepwise Huisgen Cycloaddition Process: Copper(I)-Catalyzed Regioselective ""Ligation"" of Azides and Terminal Alkynes",10.1002/1521-3773(20020715)41:14<2596::AID-ANIE2596>3.0.CO;2-4,primary_article,primary_checked
rec014,CuAAC,확인 필요,확인 필요,CuSO4 1 mol%; sodium ascorbate 10 mol%,1,water with tert-butyl alcohol as co-solvent,mixed,확인 필요,near neutral,,,,92,,,,,,,,"A Stepwise Huisgen Cycloaddition Process: Copper(I)-Catalyzed Regioselective ""Ligation"" of Azides and Terminal Alkynes",10.1002/1521-3773(20020715)41:14<2596::AID-ANIE2596>3.0.CO;2-4,primary_article,primary_checked
rec015,CuAAC,확인 필요,확인 필요,CuSO4 1 mol%; sodium ascorbate 10 mol%,1,water with tert-butyl alcohol as co-solvent,mixed,확인 필요,near neutral,,,,93,,,,,,,,"A Stepwise Huisgen Cycloaddition Process: Copper(I)-Catalyzed Regioselective ""Ligation"" of Azides and Terminal Alkynes",10.1002/1521-3773(20020715)41:14<2596::AID-ANIE2596>3.0.CO;2-4,primary_article,primary_checked
rec016,CuAAC,확인 필요,확인 필요,CuSO4 1 mol%; sodium ascorbate 10 mol%,1,water with tert-butyl alcohol as co-solvent,mixed,확인 필요,near neutral,,,,82,,,,,,,,"A Stepwise Huisgen Cycloaddition Process: Copper(I)-Catalyzed Regioselective ""Ligation"" of Azides and Terminal Alkynes",10.1002/1521-3773(20020715)41:14<2596::AID-ANIE2596>3.0.CO;2-4,primary_article,primary_checked
rec017,CuAAC,확인 필요,확인 필요,CuSO4 1 mol%; sodium ascorbate 10 mol%,1,water with tert-butyl alcohol as co-solvent,mixed,확인 필요,near neutral,,,,84,,,,,,,,"A Stepwise Huisgen Cycloaddition Process: Copper(I)-Catalyzed Regioselective ""Ligation"" of Azides and Terminal Alkynes",10.1002/1521-3773(20020715)41:14<2596::AID-ANIE2596>3.0.CO;2-4,primary_article,primary_checked
rec018,CuAAC,확인 필요,확인 필요,CuSO4 1 mol%; sodium ascorbate 10 mol%,1,water with tert-butyl alcohol as co-solvent,mixed,확인 필요,near neutral,,,,91,,,,,,,,"A Stepwise Huisgen Cycloaddition Process: Copper(I)-Catalyzed Regioselective ""Ligation"" of Azides and Terminal Alkynes",10.1002/1521-3773(20020715)41:14<2596::AID-ANIE2596>3.0.CO;2-4,primary_article,primary_checked
rec019,CuAAC,확인 필요,확인 필요,CuSO4 1 mol%; sodium ascorbate 10 mol%,1,water with tert-butyl alcohol as co-solvent,mixed,확인 필요,near neutral,,,,88,,,,,,,,"A Stepwise Huisgen Cycloaddition Process: Copper(I)-Catalyzed Regioselective ""Ligation"" of Azides and Terminal Alkynes",10.1002/1521-3773(20020715)41:14<2596::AID-ANIE2596>3.0.CO;2-4,primary_article,primary_checked
rec020,CuAAC,확인 필요,확인 필요,CuSO4 1 mol%; sodium ascorbate 10 mol%,1,water with tert-butyl alcohol as co-solvent,mixed,확인 필요,near neutral,,,,88,,,,,,,,"A Stepwise Huisgen Cycloaddition Process: Copper(I)-Catalyzed Regioselective ""Ligation"" of Azides and Terminal Alkynes",10.1002/1521-3773(20020715)41:14<2596::AID-ANIE2596>3.0.CO;2-4,primary_article,primary_checked
rec021,CuAAC,확인 필요,확인 필요,CuSO4 1 mol%; sodium ascorbate 10 mol%,1,water with tert-butyl alcohol as co-solvent,mixed,확인 필요,near neutral,,,,84,,,,,,,,"A Stepwise Huisgen Cycloaddition Process: Copper(I)-Catalyzed Regioselective ""Ligation"" of Azides and Terminal Alkynes",10.1002/1521-3773(20020715)41:14<2596::AID-ANIE2596>3.0.CO;2-4,primary_article,primary_checked
rec022,CuAAC,확인 필요,확인 필요,CuSO4 1 mol%; sodium ascorbate 10 mol%,1,water with tert-butyl alcohol as co-solvent,mixed,확인 필요,near neutral,,,,88,,,,,,,,"A Stepwise Huisgen Cycloaddition Process: Copper(I)-Catalyzed Regioselective ""Ligation"" of Azides and Terminal Alkynes",10.1002/1521-3773(20020715)41:14<2596::AID-ANIE2596>3.0.CO;2-4,primary_article,primary_checked
rec023,CuAAC,확인 필요,확인 필요,CuSO4 1 mol%; sodium ascorbate 10 mol%,1,water with tert-butyl alcohol as co-solvent,mixed,확인 필요,near neutral,,,,90,,,,,,,,"A Stepwise Huisgen Cycloaddition Process: Copper(I)-Catalyzed Regioselective ""Ligation"" of Azides and Terminal Alkynes",10.1002/1521-3773(20020715)41:14<2596::AID-ANIE2596>3.0.CO;2-4,primary_article,primary_checked
rec024,CuAAC,"(S)-3-azidopropane-1,2-diol",17-ethynylestradiol,CuSO4 1 mol%; sodium ascorbate 10 mol%,1,water with tert-butyl alcohol as co-solvent,mixed,확인 필요,near neutral,,,,94,,terminal alkyne,,,,,,"A Stepwise Huisgen Cycloaddition Process: Copper(I)-Catalyzed Regioselective ""Ligation"" of Azides and Terminal Alkynes",10.1002/1521-3773(20020715)41:14<2596::AID-ANIE2596>3.0.CO;2-4,primary_article,primary_checked
rec025,thermal_Huisgen,2-azido-2-methylpropionic acid,Propynoyl-Phe-Gly-Phe-Gly-HMBA-PEGA800 resin 1,none,0,THF,organic,298.15,,,,,0,,terminal alkyne,,,,,,"Peptidotriazoles on Solid Phase: [1,2,3]-Triazoles by Regiospecific Copper(I)-Catalyzed 1,3-Dipolar Cycloadditions of Terminal Alkynes to Azides",10.1021/jo011148j,primary_article,primary_checked
rec026,CuAAC,2-azido-2-methylpropionic acid,Propynoyl-Phe-Gly-Phe-Gly-HMBA-PEGA800 resin 1,CuI 2 equiv; DIPEA 50 equiv,1,THF,organic,298.15,,,,,>95,,terminal alkyne,,,,,,"Peptidotriazoles on Solid Phase: [1,2,3]-Triazoles by Regiospecific Copper(I)-Catalyzed 1,3-Dipolar Cycloadditions of Terminal Alkynes to Azides",10.1021/jo011148j,primary_article,primary_checked
rec027,CuAAC,2-azido-2-methylbutanoic acid,Propynoyl-Phe-Gly-Phe-Gly-HMBA-PEGA800 resin 1,CuI 2 equiv; DIPEA 50 equiv,1,THF,organic,298.15,,,,,>95,,terminal alkyne,,,,,,"Peptidotriazoles on Solid Phase: [1,2,3]-Triazoles by Regiospecific Copper(I)-Catalyzed 1,3-Dipolar Cycloadditions of Terminal Alkynes to Azides",10.1021/jo011148j,primary_article,primary_checked
rec028,CuAAC,2-azido-2-ethylbutanoic acid,Propynoyl-Phe-Gly-Phe-Gly-HMBA-PEGA800 resin 1,CuI 2 equiv; DIPEA 50 equiv,1,THF,organic,298.15,,,,,>95,,terminal alkyne,,,,,,"Peptidotriazoles on Solid Phase: [1,2,3]-Triazoles by Regiospecific Copper(I)-Catalyzed 1,3-Dipolar Cycloadditions of Terminal Alkynes to Azides",10.1021/jo011148j,primary_article,primary_checked
rec029,CuAAC,2-azido-2-propylpentanoic acid,Propynoyl-Phe-Gly-Phe-Gly-HMBA-PEGA800 resin 1,CuI 2 equiv; DIPEA 50 equiv,1,THF,organic,298.15,,,,,>95,,terminal alkyne,,,,,,"Peptidotriazoles on Solid Phase: [1,2,3]-Triazoles by Regiospecific Copper(I)-Catalyzed 1,3-Dipolar Cycloadditions of Terminal Alkynes to Azides",10.1021/jo011148j,primary_article,primary_checked
rec030,CuAAC,"2-azido-2,2-diphenylacetic acid",Propynoyl-Phe-Gly-Phe-Gly-HMBA-PEGA800 resin 1,CuI 2 equiv; DIPEA 50 equiv,1,THF,organic,323.15,,,,,0,,terminal alkyne,,,,,,"Peptidotriazoles on Solid Phase: [1,2,3]-Triazoles by Regiospecific Copper(I)-Catalyzed 1,3-Dipolar Cycloadditions of Terminal Alkynes to Azides",10.1021/jo011148j,primary_article,primary_checked
rec031,CuAAC,2-azidoacetic acid,Propynoyl-Phe-Gly-Phe-Gly-HMBA-PEGA800 resin 1,CuI 2 equiv; DIPEA 50 equiv,1,THF,organic,298.15,,,,,>95,,terminal alkyne,,,,,,"Peptidotriazoles on Solid Phase: [1,2,3]-Triazoles by Regiospecific Copper(I)-Catalyzed 1,3-Dipolar Cycloadditions of Terminal Alkynes to Azides",10.1021/jo011148j,primary_article,primary_checked
rec032,CuAAC,(±)-2-azidohexanoic acid,Propynoyl-Phe-Gly-Phe-Gly-HMBA-PEGA800 resin 1,CuI 2 equiv; DIPEA 50 equiv,1,THF,organic,298.15,,,,,>95,,terminal alkyne,,,,,,"Peptidotriazoles on Solid Phase: [1,2,3]-Triazoles by Regiospecific Copper(I)-Catalyzed 1,3-Dipolar Cycloadditions of Terminal Alkynes to Azides",10.1021/jo011148j,primary_article,primary_checked
rec033,CuAAC,(±)-2-azidohexadecanoic acid,Propynoyl-Phe-Gly-Phe-Gly-HMBA-PEGA800 resin 1,CuI 2 equiv; DIPEA 50 equiv,1,THF,organic,298.15,,,,,>95,,terminal alkyne,,,,,,"Peptidotriazoles on Solid Phase: [1,2,3]-Triazoles by Regiospecific Copper(I)-Catalyzed 1,3-Dipolar Cycloadditions of Terminal Alkynes to Azides",10.1021/jo011148j,primary_article,primary_checked
rec034,CuAAC,(±)-2-azido-2-phenylacetic acid,Propynoyl-Phe-Gly-Phe-Gly-HMBA-PEGA800 resin 1,CuI 2 equiv; DIPEA 50 equiv,1,THF,organic,298.15,,,,,>95,,terminal alkyne,,,,,,"Peptidotriazoles on Solid Phase: [1,2,3]-Triazoles by Regiospecific Copper(I)-Catalyzed 1,3-Dipolar Cycloadditions of Terminal Alkynes to Azides",10.1021/jo011148j,primary_article,primary_checked
rec035,CuAAC,4-azidoaniline hydrochloride,Propynoyl-Phe-Gly-Phe-Gly-HMBA-PEGA800 resin 1,CuI 2 equiv; DIPEA 50 equiv,1,THF,organic,298.15,,,,,>95,,terminal alkyne,,,,,,"Peptidotriazoles on Solid Phase: [1,2,3]-Triazoles by Regiospecific Copper(I)-Catalyzed 1,3-Dipolar Cycloadditions of Terminal Alkynes to Azides",10.1021/jo011148j,primary_article,primary_checked
rec036,CuAAC,15,Propynoyl-Phe-Gly-Phe-Gly-HMBA-PEGA800 resin 1,CuI 2 equiv; DIPEA 50 equiv,1,THF,organic,298.15,,,,,>95,,terminal alkyne,,,,,,"Peptidotriazoles on Solid Phase: [1,2,3]-Triazoles by Regiospecific Copper(I)-Catalyzed 1,3-Dipolar Cycloadditions of Terminal Alkynes to Azides",10.1021/jo011148j,primary_article,primary_checked
rec037,CuAAC,16,Propynoyl-Phe-Gly-Phe-Gly-HMBA-PEGA800 resin 1,CuI 2 equiv; DIPEA 50 equiv,1,THF,organic,298.15,,,,,>95,,terminal alkyne,,,,,,"Peptidotriazoles on Solid Phase: [1,2,3]-Triazoles by Regiospecific Copper(I)-Catalyzed 1,3-Dipolar Cycloadditions of Terminal Alkynes to Azides",10.1021/jo011148j,primary_article,primary_checked
rec038,CuAAC,17,Propynoyl-Phe-Gly-Phe-Gly-HMBA-PEGA800 resin 1,CuI 2 equiv; DIPEA 50 equiv,1,THF,organic,298.15,,,,,>95,,terminal alkyne,,,,,,"Peptidotriazoles on Solid Phase: [1,2,3]-Triazoles by Regiospecific Copper(I)-Catalyzed 1,3-Dipolar Cycloadditions of Terminal Alkynes to Azides",10.1021/jo011148j,primary_article,primary_checked
rec039,CuAAC,18,Propynoyl-Phe-Gly-Phe-Gly-HMBA-PEGA800 resin 1,CuI 2 equiv; DIPEA 50 equiv,1,THF,organic,298.15,,,,,>95,,terminal alkyne,,,,,,"Peptidotriazoles on Solid Phase: [1,2,3]-Triazoles by Regiospecific Copper(I)-Catalyzed 1,3-Dipolar Cycloadditions of Terminal Alkynes to Azides",10.1021/jo011148j,primary_article,primary_checked
rec040,CuAAC,19,Propynoyl-Phe-Gly-Phe-Gly-HMBA-PEGA800 resin 1,CuI 2 equiv; DIPEA 50 equiv,1,THF,organic,298.15,,,,,>95,,terminal alkyne,,,,,,"Peptidotriazoles on Solid Phase: [1,2,3]-Triazoles by Regiospecific Copper(I)-Catalyzed 1,3-Dipolar Cycloadditions of Terminal Alkynes to Azides",10.1021/jo011148j,primary_article,primary_checked
rec041,CuAAC,1-azidoadamantane,Propynoyl-Phe-Gly-Phe-Gly-HMBA-PEGA800 resin 1,CuI 2 equiv; DIPEA 50 equiv,1,THF,organic,298.15,,,,,>95,,terminal alkyne,,,,,,"Peptidotriazoles on Solid Phase: [1,2,3]-Triazoles by Regiospecific Copper(I)-Catalyzed 1,3-Dipolar Cycloadditions of Terminal Alkynes to Azides",10.1021/jo011148j,primary_article,primary_checked
rec042,CuAAC,"phenyl-3,4,6-tri-O-acetyl-2-azido-2-deoxy-1-thio-α-D-galactopyranoside",Propynoyl-Phe-Gly-Phe-Gly-HMBA-PEGA800 resin 1,CuI 2 equiv; DIPEA 50 equiv,1,THF,organic,298.15,,,,,>95,,terminal alkyne,,,,,,"Peptidotriazoles on Solid Phase: [1,2,3]-Triazoles by Regiospecific Copper(I)-Catalyzed 1,3-Dipolar Cycloadditions of Terminal Alkynes to Azides",10.1021/jo011148j,primary_article,primary_checked
rec043,CuAAC,trimethylsilyl azide,Propynoyl-Phe-Gly-Phe-Gly-HMBA-PEGA800 resin 1,CuI 2 equiv; no DIPEA,1,THF,organic,323.15,,,,,>95,,terminal alkyne,,,,,,"Peptidotriazoles on Solid Phase: [1,2,3]-Triazoles by Regiospecific Copper(I)-Catalyzed 1,3-Dipolar Cycloadditions of Terminal Alkynes to Azides",10.1021/jo011148j,primary_article,primary_checked
rec044,CuAAC,2-azido-2-methylpropionic acid,Fmoc-L-propargylglycyl-Phe-Gly-Phe-Gly-HMBA-PEGA800 resin 7,CuI 2 equiv; DIPEA 50 equiv,1,THF,organic,298.15,,,,,>95,,terminal alkyne,,,,,,"Peptidotriazoles on Solid Phase: [1,2,3]-Triazoles by Regiospecific Copper(I)-Catalyzed 1,3-Dipolar Cycloadditions of Terminal Alkynes to Azides",10.1021/jo011148j,primary_article,primary_checked
rec045,CuAAC,19,Fmoc-L-propargylglycyl-Phe-Gly-Phe-Gly-HMBA-PEGA800 resin 7,CuI 2 equiv; DIPEA 50 equiv,1,THF,organic,298.15,,,,,>95,,terminal alkyne,,,,,,"Peptidotriazoles on Solid Phase: [1,2,3]-Triazoles by Regiospecific Copper(I)-Catalyzed 1,3-Dipolar Cycloadditions of Terminal Alkynes to Azides",10.1021/jo011148j,primary_article,primary_checked
rec046,CuAAC,"phenyl-3,4,6-tri-O-acetyl-2-azido-2-deoxy-1-thio-α-D-galactopyranoside",Fmoc-L-propargylglycyl-Phe-Gly-Phe-Gly-HMBA-PEGA800 resin 7,CuI 2 equiv; DIPEA 50 equiv,1,THF,organic,298.15,,,,,>95,,terminal alkyne,,,,,,"Peptidotriazoles on Solid Phase: [1,2,3]-Triazoles by Regiospecific Copper(I)-Catalyzed 1,3-Dipolar Cycloadditions of Terminal Alkynes to Azides",10.1021/jo011148j,primary_article,primary_checked
rec047,CuAAC,4-azidoaniline hydrochloride,Fmoc-L-propargylglycyl-Phe-Gly-Phe-Gly-HMBA-PEGA800 resin 7,CuI 2 equiv; DIPEA 50 equiv,1,THF,organic,298.15,,,,,>95,,terminal alkyne,,,,,,"Peptidotriazoles on Solid Phase: [1,2,3]-Triazoles by Regiospecific Copper(I)-Catalyzed 1,3-Dipolar Cycloadditions of Terminal Alkynes to Azides",10.1021/jo011148j,primary_article,primary_checked
rec048,CuAAC,trimethylsilyl azide,Fmoc-L-propargylglycyl-Phe-Gly-Phe-Gly-HMBA-PEGA800 resin 7,CuI 2 equiv; no DIPEA,1,THF,organic,323.15,,,,,0,,terminal alkyne,,,,,,"Peptidotriazoles on Solid Phase: [1,2,3]-Triazoles by Regiospecific Copper(I)-Catalyzed 1,3-Dipolar Cycloadditions of Terminal Alkynes to Azides",10.1021/jo011148j,primary_article,primary_checked
rec049,CuAAC,2-azido-2-methylpropionic acid,resin 14,CuI; DIPEA,1,THF,organic,,,,,,73,,terminal alkyne,,,,,,"Peptidotriazoles on Solid Phase: [1,2,3]-Triazoles by Regiospecific Copper(I)-Catalyzed 1,3-Dipolar Cycloadditions of Terminal Alkynes to Azides",10.1021/jo011148j,primary_article,primary_checked
rec050,CuAAC,1-azidoadamantane,resin 14,CuI; DIPEA,1,THF,organic,,,,,,87,,terminal alkyne,,,,,,"Peptidotriazoles on Solid Phase: [1,2,3]-Triazoles by Regiospecific Copper(I)-Catalyzed 1,3-Dipolar Cycloadditions of Terminal Alkynes to Azides",10.1021/jo011148j,primary_article,primary_checked
rec051,CuAAC,2-azido-2-methylpropionic acid,propynoyl-Ala-Phe-Gly-HMBA-PEGA800 resin 11a,CuI 2 equiv; DIPEA 50 equiv,1,THF,organic,298.15,,,,,>95,,terminal alkyne,,,,,,"Peptidotriazoles on Solid Phase: [1,2,3]-Triazoles by Regiospecific Copper(I)-Catalyzed 1,3-Dipolar Cycloadditions of Terminal Alkynes to Azides",10.1021/jo011148j,primary_article,primary_checked
rec052,CuAAC,2-azido-2-methylpropionic acid,propynoyl-Pro-Phe-Gly-HMBA-PEGA800 resin 11b,CuI 2 equiv; DIPEA 50 equiv,1,THF,organic,298.15,,,,,>95,,terminal alkyne,,,,,,"Peptidotriazoles on Solid Phase: [1,2,3]-Triazoles by Regiospecific Copper(I)-Catalyzed 1,3-Dipolar Cycloadditions of Terminal Alkynes to Azides",10.1021/jo011148j,primary_article,primary_checked
rec053,CuAAC,2-azido-2-methylpropionic acid,propynoyl-Thr(tBu)-Phe-Gly-HMBA-PEGA800 resin 11c,CuI 2 equiv; DIPEA 50 equiv,1,THF,organic,298.15,,,,,>95,,terminal alkyne,,,,,,"Peptidotriazoles on Solid Phase: [1,2,3]-Triazoles by Regiospecific Copper(I)-Catalyzed 1,3-Dipolar Cycloadditions of Terminal Alkynes to Azides",10.1021/jo011148j,primary_article,primary_checked
rec054,CuAAC,2-azido-2-methylpropionic acid,propynoyl-Tyr(tBu)-Phe-Gly-HMBA-PEGA800 resin 11d,CuI 2 equiv; DIPEA 50 equiv,1,THF,organic,298.15,,,,,>95,,terminal alkyne,,,,,,"Peptidotriazoles on Solid Phase: [1,2,3]-Triazoles by Regiospecific Copper(I)-Catalyzed 1,3-Dipolar Cycloadditions of Terminal Alkynes to Azides",10.1021/jo011148j,primary_article,primary_checked
rec055,CuAAC,2-azido-2-methylpropionic acid,propynoyl-Asp(tBu)-Phe-Gly-HMBA-PEGA800 resin 11e,CuI 2 equiv; DIPEA 50 equiv,1,THF,organic,298.15,,,,,>95,,terminal alkyne,,,,,,"Peptidotriazoles on Solid Phase: [1,2,3]-Triazoles by Regiospecific Copper(I)-Catalyzed 1,3-Dipolar Cycloadditions of Terminal Alkynes to Azides",10.1021/jo011148j,primary_article,primary_checked
rec056,CuAAC,2-azido-2-methylpropionic acid,propynoyl-Asn(Trt)-Phe-Gly-HMBA-PEGA800 resin 11f,CuI 2 equiv; DIPEA 50 equiv,1,THF,organic,298.15,,,,,>95,,terminal alkyne,,,,,,"Peptidotriazoles on Solid Phase: [1,2,3]-Triazoles by Regiospecific Copper(I)-Catalyzed 1,3-Dipolar Cycloadditions of Terminal Alkynes to Azides",10.1021/jo011148j,primary_article,primary_checked
rec057,CuAAC,2-azido-2-methylpropionic acid,propynoyl-His(Trt)-Phe-Gly-HMBA-PEGA800 resin 11g,CuI 2 equiv; DIPEA 50 equiv,1,THF,organic,298.15,,,,,>95,,terminal alkyne,,,,,,"Peptidotriazoles on Solid Phase: [1,2,3]-Triazoles by Regiospecific Copper(I)-Catalyzed 1,3-Dipolar Cycloadditions of Terminal Alkynes to Azides",10.1021/jo011148j,primary_article,primary_checked
rec058,CuAAC,2-azido-2-methylpropionic acid,propynoyl-Cys(Trt)-Phe-Gly-HMBA-PEGA800 resin 11h,CuI 2 equiv; DIPEA 50 equiv,1,THF,organic,298.15,,,,,>95,,terminal alkyne,,,,,,"Peptidotriazoles on Solid Phase: [1,2,3]-Triazoles by Regiospecific Copper(I)-Catalyzed 1,3-Dipolar Cycloadditions of Terminal Alkynes to Azides",10.1021/jo011148j,primary_article,primary_checked
rec059,CuAAC,2-azido-2-methylpropionic acid,propynoyl-Met-Phe-Gly-HMBA-PEGA800 resin 11i,CuI 2 equiv; DIPEA 50 equiv,1,THF,organic,298.15,,,,,>95,,terminal alkyne,,,,,,"Peptidotriazoles on Solid Phase: [1,2,3]-Triazoles by Regiospecific Copper(I)-Catalyzed 1,3-Dipolar Cycloadditions of Terminal Alkynes to Azides",10.1021/jo011148j,primary_article,primary_checked
rec060,CuAAC,2-azido-2-methylpropionic acid,propynoyl-Lys(Boc)-Phe-Gly-HMBA-PEGA800 resin 11j,CuI 2 equiv; DIPEA 50 equiv,1,THF,organic,298.15,,,,,>95,,terminal alkyne,,,,,,"Peptidotriazoles on Solid Phase: [1,2,3]-Triazoles by Regiospecific Copper(I)-Catalyzed 1,3-Dipolar Cycloadditions of Terminal Alkynes to Azides",10.1021/jo011148j,primary_article,primary_checked
rec061,CuAAC,2-azido-2-methylpropionic acid,propynoyl-Trp(Boc)-Phe-Gly-HMBA-PEGA800 resin 11k,CuI 2 equiv; DIPEA 50 equiv,1,THF,organic,298.15,,,,,>95,,terminal alkyne,,,,,,"Peptidotriazoles on Solid Phase: [1,2,3]-Triazoles by Regiospecific Copper(I)-Catalyzed 1,3-Dipolar Cycloadditions of Terminal Alkynes to Azides",10.1021/jo011148j,primary_article,primary_checked
rec062,CuAAC,2-azido-2-methylpropionic acid,propynoyl-Arg(Pmc)-Phe-Gly-HMBA-PEGA800 resin 11l,CuI 2 equiv; DIPEA 50 equiv,1,THF,organic,298.15,,,,,>95,,terminal alkyne,,,,,,"Peptidotriazoles on Solid Phase: [1,2,3]-Triazoles by Regiospecific Copper(I)-Catalyzed 1,3-Dipolar Cycloadditions of Terminal Alkynes to Azides",10.1021/jo011148j,primary_article,primary_checked
rec063,SPAAC,benzyl azide,endo-6 (bicyclo[6.1.0]non-4-yn-9-ol),,0,,unknown,,,0.14,m−1 s−1,,,,BCN,strained bicyclononyne,0,0,,,Readily Accessible Bicyclononynes for Bioorthogonal Labeling and Three-Dimensional Imaging of Living Cells,10.1002/anie.201003761,primary_article,primary_checked
rec064,SPAAC,benzyl azide,exo-6 (bicyclo[6.1.0]non-4-yn-9-ol),,0,,unknown,,,0.11,m−1 s−1,,,,BCN,strained bicyclononyne,0,0,,,Readily Accessible Bicyclononynes for Bioorthogonal Labeling and Three-Dimensional Imaging of Living Cells,10.1002/anie.201003761,primary_article,primary_checked
rec065,SPAAC,benzyl azide,endo-6 (bicyclo[6.1.0]non-4-yn-9-ol),,0,CD3CN/D2O (1:2),mixed,,,0.29,m−1 s−1,,,,BCN,strained bicyclononyne,0,0,,,Readily Accessible Bicyclononynes for Bioorthogonal Labeling and Three-Dimensional Imaging of Living Cells,10.1002/anie.201003761,primary_article,primary_checked
rec066,SPAAC,benzyl azide,exo-6 (bicyclo[6.1.0]non-4-yn-9-ol),,0,CD3CN/D2O (1:2),mixed,,,0.19,m−1 s−1,,,,BCN,strained bicyclononyne,0,0,,,Readily Accessible Bicyclononynes for Bioorthogonal Labeling and Three-Dimensional Imaging of Living Cells,10.1002/anie.201003761,primary_article,primary_checked
rec067,SPAAC,Benzyl azide,"1a (11,12-didehydro-5,6-dihydro-dibenzo[a,e]cycloocten-5-ol; DIBO)",,0,MeOH,organic,25 ± 0.1 °C,,(5.67 ± 0.27) × 10−2,M−1 s−1,,,,DIBO,strained dibenzocyclooctyne,0,2,,,Selective Labeling of Living Cells by a Photo-Triggered Click Reaction,10.1021/ja9054096,primary_article,primary_checked
rec068,SPAAC,Benzyl azide,"3c (photogenerated 4,9-dibutoxy dibenzocyclooctyne)",,0,MeOH,organic,25 ± 0.1 °C,,(7.63 ± 0.11) × 10−2,M−1 s−1,,quantitative,,DIBO derivative,strained dibenzocyclooctyne,0,2,,,Selective Labeling of Living Cells by a Photo-Triggered Click Reaction,10.1021/ja9054096,primary_article,primary_checked
rec069,SPAAC,n-Butyl azide,"3c (photogenerated 4,9-dibutoxy dibenzocyclooctyne)",,0,MeOH,organic,25 ± 0.1 °C,,(5.86 ± 0.17) × 10−2,M−1 s−1,,,,DIBO derivative,strained dibenzocyclooctyne,0,2,,,Selective Labeling of Living Cells by a Photo-Triggered Click Reaction,10.1021/ja9054096,primary_article,primary_checked
rec070,SPAAC,1-Phenyl-2-azidopropane,"3c (photogenerated 4,9-dibutoxy dibenzocyclooctyne)",,0,MeOH,organic,25 ± 0.1 °C,,(3.43 ± 0.03) × 10−2,M−1 s−1,,,,DIBO derivative,strained dibenzocyclooctyne,0,2,,,Selective Labeling of Living Cells by a Photo-Triggered Click Reaction,10.1021/ja9054096,primary_article,primary_checked
rec071,SPAAC,Phenyl azide,"3c (photogenerated 4,9-dibutoxy dibenzocyclooctyne)",,0,MeOH,organic,25 ± 0.1 °C,,(1.63 ± 0.06) × 10−2,M−1 s−1,,quantitative,,DIBO derivative,strained dibenzocyclooctyne,0,2,,,Selective Labeling of Living Cells by a Photo-Triggered Click Reaction,10.1021/ja9054096,primary_article,primary_checked
rec072,SPAAC,N-azidoacetylmannosamine,"3c (photogenerated 4,9-dibutoxy dibenzocyclooctyne)",,0,MeOH,organic,25 ± 0.1 °C,,(4.41 ± 0.34) × 10−2,M−1 s−1,,,,DIBO derivative,strained dibenzocyclooctyne,0,2,,,Selective Labeling of Living Cells by a Photo-Triggered Click Reaction,10.1021/ja9054096,primary_article,primary_checked
rec073,SPAAC,N-azidoacetylmannosamine,12,,0,aqueous solution,aqueous,25 ± 0.1 °C,,(3.90 ± 0.32) × 10−2,M−1 s−1,,,,,strained cyclooctyne,,,,,Selective Labeling of Living Cells by a Photo-Triggered Click Reaction,10.1021/ja9054096,primary_article,primary_checked
rec074,SPAAC,benzyl azide,3 (4-dibenzocyclooctynol; DIBO),,0,methanol,organic,25 ± 0.1 °C,,0.0567 ± 0.0027,M−1 s−1,,,,DIBO,strained dibenzocyclooctyne,0,2,,,Strain-Promoted Alkyne–Azide Cycloadditions (SPAAC) Reveal New Features of Glycoconjugate Biosynthesis,10.1002/cbic.201100117,primary_article,primary_checked
rec075,SPAAC,benzyl azide,9 (DIBO carbamate),,0,methanol,organic,25 ± 0.1 °C,,0.0696 ± 0.0019,M−1 s−1,,,,DIBO carbamate,strained dibenzocyclooctyne,0,2,,,Strain-Promoted Alkyne–Azide Cycloadditions (SPAAC) Reveal New Features of Glycoconjugate Biosynthesis,10.1002/cbic.201100117,primary_article,primary_checked
rec076,SPAAC,benzyl azide,11 (DIBO ketone),,0,methanol,organic,25 ± 0.1 °C,,0.2590 ± 0.0067,M−1 s−1,,,,DIBO ketone,strained dibenzocyclooctyne,0,2,,,Strain-Promoted Alkyne–Azide Cycloadditions (SPAAC) Reveal New Features of Glycoconjugate Biosynthesis,10.1002/cbic.201100117,primary_article,primary_checked
rec077,SPAAC,benzyl azide,12 (DIBO oxime),,0,methanol,organic,25 ± 0.1 °C,,0.0611 ± 0.0035,M−1 s−1,,,,DIBO oxime,strained dibenzocyclooctyne,0,2,N/O,,Strain-Promoted Alkyne–Azide Cycloadditions (SPAAC) Reveal New Features of Glycoconjugate Biosynthesis,10.1002/cbic.201100117,primary_article,primary_checked
rec078,SPAAC,benzyl azide,[18F]-4 (18F-labeled ADIBO cyclooctyne),,0,DMF,organic,37 °C,,,,,74 ± 4.8,,ADIBO,strained azadibenzocyclooctyne,1,2,N,,"Copper-Free Click for PET: Rapid 1,3-Dipolar Cycloadditions with a Fluorine-18 Cyclooctyne",10.1021/ml200187j,primary_article,primary_checked
rec079,SPAAC,benzyl azide,[18F]-4 (18F-labeled ADIBO cyclooctyne),,0,DMF,organic,37 °C,,,,,75 ± 1.8,,ADIBO,strained azadibenzocyclooctyne,1,2,N,,"Copper-Free Click for PET: Rapid 1,3-Dipolar Cycloadditions with a Fluorine-18 Cyclooctyne",10.1021/ml200187j,primary_article,primary_checked
rec080,SPAAC,benzyl azide,[18F]-4 (18F-labeled ADIBO cyclooctyne),,0,DMF,organic,37 °C,,,,,78 ± 2.4,,ADIBO,strained azadibenzocyclooctyne,1,2,N,,"Copper-Free Click for PET: Rapid 1,3-Dipolar Cycloadditions with a Fluorine-18 Cyclooctyne",10.1021/ml200187j,primary_article,primary_checked
rec081,SPAAC,azido-functionalized PEGylated acid,[18F]-4 (18F-labeled ADIBO cyclooctyne),,0,DMF,organic,37 °C,,,,,64 ± 8.5,,ADIBO,strained azadibenzocyclooctyne,1,2,N,,"Copper-Free Click for PET: Rapid 1,3-Dipolar Cycloadditions with a Fluorine-18 Cyclooctyne",10.1021/ml200187j,primary_article,primary_checked
rec082,CuAAC,3-azido-7-(diethylamino)coumarin,phosphatidic acid derivative 1 (terminal alkyne-containing PA derivative),CuSO4; sodium ascorbate,1,EtOH/H2O (1:1),mixed,,,,,,virtually quantitative,,terminal alkyne,unstrained terminal alkyne,0,0,,,Selective Fluorescence Labeling of Lipids in Living Cells,10.1002/anie.200805507,primary_article,primary_checked
rec083,CuAAC,3-azido-7-(diethylamino)coumarin,phosphatidic acid derivative 2 (terminal alkyne-containing PA derivative),CuSO4; sodium ascorbate,1,EtOH/H2O (1:1),mixed,,,,,,virtually quantitative,,terminal alkyne,unstrained terminal alkyne,0,0,,,Selective Fluorescence Labeling of Lipids in Living Cells,10.1002/anie.200805507,primary_article,primary_checked
rec084,CuAAC,3-azido-7-(diethylamino)coumarin,phosphatidic acid derivative 1 (terminal alkyne-containing PA derivative),CuSO4; sodium ascorbate; TBTA,1,,unknown,,,,,,,,terminal alkyne,unstrained terminal alkyne,0,0,,,Selective Fluorescence Labeling of Lipids in Living Cells,10.1002/anie.200805507,primary_article,primary_checked
rec085,CuAAC,3-azido-7-(diethylamino)coumarin,phosphatidic acid derivative 2 (terminal alkyne-containing PA derivative),CuSO4; sodium ascorbate; TBTA,1,,unknown,,,,,,,,terminal alkyne,unstrained terminal alkyne,0,0,,,Selective Fluorescence Labeling of Lipids in Living Cells,10.1002/anie.200805507,primary_article,primary_checked
rec086,SPAAC,3-azido-7-(diethylamino)coumarin,cyclooctyne-containing phosphatidic acid derivative 5,,0,,unknown,,,,,,,,cyclooctyne lipid,strained cyclooctyne,0,0,,,Selective Fluorescence Labeling of Lipids in Living Cells,10.1002/anie.200805507,primary_article,primary_checked
rec087,SPAAC,Atto647N azide derivative,GFPTAG→1 (protein containing genetically encoded cyclooctyne UAA 1),,0,,unknown,,,,,,,,cyclooctyne UAA,strained cyclooctyne,0,0,,,Genetically Encoded Copper-Free Click Chemistry,10.1002/anie.201008178,primary_article,primary_checked
rec088,SPAAC,fluorogenic coumarin azide 3,mCherryTAG→1 (protein containing genetically encoded cyclooctyne UAA 1),,0,,unknown,,,,,,,,cyclooctyne UAA,strained cyclooctyne,0,0,,,Genetically Encoded Copper-Free Click Chemistry,10.1002/anie.201008178,primary_article,primary_checked
rec089,SPAAC,2-azidoethanol,coumBARAC 3,,0,1% DMSO in pH 7.4 phosphate buffer solution,buffer,,7.4,,,,,,coumBARAC,strained biarylazacyclooctynone,0,,N,,Synthesis of a Fluorogenic Cyclooctyne Activated by Cu-Free Click Chemistry,10.1021/ol2025026,primary_article,primary_checked
